{
  "time_from_new_moon": 333.42470398225123,
  "time_to_new_moon": 374.83273694326635,
  "time_to_full_moon": 0.0678198272944428,
  "fractional_phase": 0.9998519924481626,
  "naked_eye_features": {
    "1": [
      "Mare Crisium",
      555.921,
      16.1773714530001,
      59.103747264,
      14.845176696777372,
      19.018241882324197,
      "Mare",
      "Cleomedes",
      "LAC-44",
      "Lunar",
      "Naked Eye"
    ],
    "2": [
      "Mare Fecunditatis",
      840.354,
      -7.83497446699994,
      53.6691487260001,
      27.8068885803223,
      22.5688514709472,
      "Mare",
      "Langrenus",
      "LAC-80",
      "Lunar",
      "Naked Eye"
    ],
    "3": [
      "Mare Humorum",
      419.669,
      -24.4784597059999,
      -38.571605352999995,
      12.6219863891601,
      15.215297698975007,
      "Mare",
      "Mare Humorum",
      "LAC-93",
      "Lunar",
      "Naked Eye"
    ],
    "4": [
      "Mare Nectaris",
      339.387,
      -15.1851680619999,
      34.6020541380001,
      11.15361785888676,
      10.926624298095703,
      "Mare",
      "Colombo",
      "LAC-79",
      "Lunar",
      "Naked Eye"
    ],
    "5": [
      "Mare Nubium",
      714.499,
      -20.5894422199999,
      -17.287213113000007,
      18.628913879394503,
      23.821842193603004,
      "Mare",
      "Pitatus",
      "LAC-94",
      "Lunar",
      "Naked Eye"
    ],
    "6": [
      "Mare Serenitatis",
      674.278,
      27.287884702,
      18.3596444200001,
      21.676036834716797,
      23.33612823486327,
      "Mare",
      "Mare Serenitatis",
      "LAC-42",
      "Lunar",
      "Naked Eye"
    ],
    "7": [
      "Mare Tranquillitatis",
      875.749,
      8.34871580100008,
      30.8346243110001,
      23.425960540771452,
      28.566310882568402,
      "Mare",
      "Taruntius",
      "LAC-61",
      "Lunar",
      "Naked Eye"
    ],
    "8": [
      "Oceanus Procellarum",
      2592.24,
      20.6714218933135,
      -56.67739394399803,
      73.6987876892089,
      54.23366928100597,
      "Oceanus",
      "Seleucus",
      "LAC-38",
      "Lunar",
      "Naked Eye"
    ],
    "9": [
      "Mare Frigoris",
      1446.41,
      57.59230755,
      -0.006380666999973528,
      15.3011474609374,
      81.16825430297803,
      "Mare",
      "Plato",
      "LAC-12",
      "Lunar",
      "Naked Eye"
    ],
    "10": [
      "Mare Imbrium",
      1145.53,
      34.7244312650001,
      -14.908598090999988,
      36.2290573120118,
      46.917579101563035,
      "Mare",
      "Sinus Iridum",
      "LAC-24",
      "Lunar",
      "Naked Eye"
    ]
  },
  "binocular_features": {
    "0": [
      "Grimaldi",
      173.488,
      -5.37500136748998,
      -68.36302678176702,
      5.721284866333,
      5.744125366210994,
      "Crater",
      "Grimaldi",
      "LAC-74",
      "Both",
      "Binocular"
    ],
    "11": [
      "Mare Vaporum",
      242.458,
      13.1966738892206,
      4.0861733944533,
      7.516056060791092,
      9.142608093261003,
      "Mare",
      "Mare Vaporum",
      "LAC-59",
      "Lunar",
      "Binocular"
    ]
  },
  "telescope_features": {}
}
